labid,subid,CDI.form,CDI.agerange,CDI.agedays,vocab_nwords,standardized.score.CDI,CDI.error,Notes
babylab-brookes,brookes-01,O-CDI,18,547,26,NA,noerror,NA
babylab-brookes,brookes-01,O-CDI,24,750,326,NA,noerror,NA
babylab-brookes,brookes-02,O-CDI,18,563,110,NA,noerror,NA
babylab-brookes,brookes-02,O-CDI,24,731,317,NA,noerror,NA
babylab-brookes,brookes-02,O-CDI,24,731,317,NA,noerror,NA
babylab-brookes,brookes-03,O-CDI,21,658,206,NA,noerror,NA
babylab-brookes,brookes-04,O-CDI,18,543,28,NA,noerror,NA
babylab-brookes,brookes-10,O-CDI,18,555,7,NA,noerror,NA
babylab-brookes,brookes-101,O-CDI,18,555,87,NA,noerror,NA
babylab-brookes,brookes-102,O-CDI,18,551,151,NA,noerror,NA
babylab-brookes,brookes-103,O-CDI,24,746,192,NA,noerror,NA
babylab-brookes,brookes-104,O-CDI,24,733,359,NA,noerror,NA
babylab-brookes,brookes-105,O-CDI,18,542,71,NA,noerror,NA
babylab-brookes,brookes-107,O-CDI,18,543,196,NA,noerror,NA
babylab-brookes,brookes-12,O-CDI,18,557,69,NA,noerror,NA
babylab-brookes,brookes-124,O-CDI,24,730,278,NA,noerror,NA
babylab-brookes,brookes-13,O-CDI,18,545,36,NA,noerror,NA
babylab-brookes,brookes-13,O-CDI,24,748,168,NA,noerror,NA
babylab-brookes,brookes-15,O-CDI,18,530,1,NA,noerror,NA
babylab-brookes,brookes-15,O-CDI,24,733,44,NA,noerror,NA
babylab-brookes,brookes-16,O-CDI,18,561,102,NA,noerror,NA
babylab-brookes,brookes-17,O-CDI,18,550,64,NA,noerror,NA
babylab-brookes,brookes-18,O-CDI,25,763,84,NA,noerror,NA
babylab-brookes,brookes-20,O-CDI,24,741,279,NA,noerror,NA
babylab-brookes,brookes-31,O-CDI,24,750,151,NA,noerror,NA
babylab-brookes,brookes-35,O-CDI,24,738,348,NA,noerror,NA
babylab-brookes,brookes-36,O-CDI,24,736,346,NA,noerror,NA
babylab-brookes,brookes-37,O-CDI,18,559,85,NA,noerror,NA
babylab-brookes,brookes-37,O-CDI,24,736,324,NA,noerror,NA
babylab-brookes,brookes-41,O-CDI,19,595,121,NA,noerror,NA
babylab-brookes,brookes-41,O-CDI,24,739,392,NA,noerror,NA
babylab-brookes,brookes-42,O-CDI,24,745,0,NA,error,Opened and did not complete the questionnaire
babylab-brookes,brookes-43,O-CDI,24,734,318,NA,noerror,NA
babylab-brookes,brookes-45,O-CDI,25,762,265,NA,noerror,NA
babylab-brookes,brookes-46,O-CDI,18,551,72,NA,noerror,NA
babylab-brookes,brookes-46,O-CDI,22,670,142,NA,noerror,NA
babylab-brookes,brookes-46,O-CDI,24,733,252,NA,noerror,NA
babylab-brookes,brookes-49,O-CDI,18,556,48,NA,noerror,NA
babylab-brookes,brookes-50,O-CDI,24,749,288,NA,noerror,NA
babylab-brookes,brookes-54,O-CDI,20,618,93,NA,noerror,NA
babylab-brookes,brookes-55,O-CDI,18,546,121,NA,noerror,NA
babylab-brookes,brookes-55,O-CDI,22,671,195,NA,noerror,NA
babylab-brookes,brookes-57,O-CDI,22,694,158,NA,noerror,NA
babylab-brookes,brookes-60,O-CDI,18,556,0,NA,error,Opened and did not complete the questionnaire
babylab-brookes,brookes-60,O-CDI,25,788,43,NA,noerror,NA
babylab-brookes,brookes-63,O-CDI,20,613,234,NA,noerror,NA
babylab-brookes,brookes-64,O-CDI,18,556,149,NA,noerror,NA
babylab-brookes,brookes-64,O-CDI,24,733,383,NA,noerror,NA
babylab-brookes,brookes-65,O-CDI,18,565,90,NA,noerror,NA
babylab-brookes,brookes-65,O-CDI,23,713,227,NA,noerror,NA
babylab-brookes,brookes-66,O-CDI,18,557,79,NA,noerror,NA
babylab-brookes,brookes-66,O-CDI,26,790,406,NA,noerror,NA
babylab-brookes,brookes-74,O-CDI,18,570,350,NA,noerror,NA
babylab-brookes,brookes-77,O-CDI,18,539,194,NA,noerror,NA
babylab-brookes,brookes-77,O-CDI,24,756,411,NA,noerror,NA
babylab-brookes,brookes-78,O-CDI,19,584,7,NA,noerror,NA
babylab-brookes,brookes-79,O-CDI,18,568,6,NA,noerror,NA
babylab-brookes,brookes-80,O-CDI,20,620,374,NA,noerror,NA
babylab-brookes,brookes-80,O-CDI,24,743,407,NA,noerror,NA
babylab-brookes,brookes-81,O-CDI,24,744,302,NA,noerror,NA
babylab-brookes,brookes-84,O-CDI,18,567,11,NA,noerror,NA
babylab-brookes,brookes-84,O-CDI,23,715,122,NA,noerror,NA
babylab-brookes,brookes-90,O-CDI,19,595,19,NA,noerror,NA
babylab-brookes,brookes-92,O-CDI,18,542,53,NA,noerror,NA
babylab-brookes,brookes-93,O-CDI,18,539,143,NA,noerror,NA
babylab-brookes,brookes-95,O-CDI,24,743,129,NA,noerror,NA
babylab-lmu,4,FRAKIS,18,627,467,91-100,error,already aged out; filled out pen-and-paper version
babylab-lmu,5,FRAKIS,18,593,28,26-50,error,already aged out; filled out pen-and-paper version
babylab-lmu,5,FRAKIS,24,724,217,51-75,noerror,filled out web-based version
babylab-lmu,6,FRAKIS,18,607,29,26-50,error,already aged out; filled out pen-and-paper version
babylab-lmu,6,FRAKIS,24,730,65,11-25,noerror,filled out web-based version
babylab-lmu,7,FRAKIS,24,730,432,76-90,noerror,filled out web-based version
babylab-lmu,9,FRAKIS,18,589,70,51-75,error,already aged out; filled out pen-and-paper version
babylab-lmu,10,FRAKIS,18,601,112,51-75,error,already aged out; filled out pen-and-paper version
babylab-lmu,10,FRAKIS,24,729,337,51-75,noerror,filled out web-based version
babylab-lmu,13,FRAKIS,18,605,50,26-50,error,already aged out; filled out pen-and-paper version and forgot one page
babylab-lmu,13,FRAKIS,24,732,380,76-90,noerror,filled out web-based version
babylab-lmu,14,FRAKIS,18,600,98,51-75,error,already aged out; filled out pen-and-paper version
babylab-lmu,14,FRAKIS,24,723,207,26-50,noerror,filled out web-based version
babylab-lmu,16,FRAKIS,18,610,30,26-50,error,already aged out; filled out pen-and-paper version
babylab-lmu,16,FRAKIS,24,731,241,51-75,noerror,filled out web-based version
babylab-lmu,18,FRAKIS,18,585,194,76-90,error,already aged out; filled out pen-and-paper version
babylab-lmu,18,FRAKIS,24,726,559,91-100,noerror,filled out web-based version
babylab-lmu,19,FRAKIS,18,601,30,11-25,error,already aged out; filled out pen-and-paper version
babylab-lmu,19,FRAKIS,24,735,82,11-25,noerror,filled out web-based version
babylab-lmu,20,FRAKIS,18,593,65,26-50,error,already aged out; filled out pen-and-paper version
babylab-lmu,20,FRAKIS,24,727,311,76-90,noerror,filled out web-based version
babylab-lmu,22,FRAKIS,18,603,39,11-25,error,already aged out; filled out pen-and-paper version
babylab-lmu,22,FRAKIS,24,730,128,11-25,noerror,filled out web-based version
babylab-lmu,23,FRAKIS,18,648,250,76-90,error,already aged out; filled out pen-and-paper version
babylab-lmu,24,FRAKIS,24,721,125,26-50,noerror,filled out web-based version
babylab-lmu,25,FRAKIS,18,641,431,91-100,error,already aged out; filled out pen-and-paper version
babylab-lmu,26,FRAKIS,18,597,266,76-90,error,already aged out; filled out pen-and-paper version
babylab-lmu,27,FRAKIS,24,730,248,51-75,noerror,filled out web-based version
babylab-lmu,31,FRAKIS,18,589,25,26-50,error,already aged out; filled out pen-and-paper version
babylab-lmu,31,FRAKIS,24,723,180,26-50,noerror,filled out web-based version
babylab-lmu,32,FRAKIS,18,589,47,26-50,error,already aged out; filled out pen-and-paper version
babylab-lmu,32,FRAKIS,24,723,250,26-50,noerror,filled out web-based version
babylab-lmu,33,FRAKIS,18,535,126,91-100,noerror,filled out web-based version
babylab-lmu,33,FRAKIS,24,695,399,76-90,error,filled out web-based version when child was too young (younger than 17;15)
babylab-lmu,34,FRAKIS,18,589,10,11-25,error,already aged out; filled out web-based version
babylab-lmu,34,FRAKIS,24,722,36,1-10,noerror,filled out web-based version
babylab-lmu,35,FRAKIS,24,732,288,51-75,error,filled out web-based version but did not complete it
babylab-lmu,35,FRAKIS,24,744,374,51-75,noerror,filled out web-based version a second time on another day and completed it
babylab-lmu,36,FRAKIS,18,581,42,26-50,error,already aged out; filled out web-based version
babylab-lmu,36,FRAKIS,24,733,329,76-90,noerror,filled out web-based version
babylab-lmu,37,FRAKIS,24,722,38,1-10,noerror,filled out web-based version
babylab-lmu,38,FRAKIS,18,571,144,51-75,error,already aged out; filled out pen-and-paper version
babylab-lmu,38,FRAKIS,24,729,364,51-75,noerror,filled out web-based version
babylab-lmu,39,FRAKIS,18,608,9,1-10,error,already aged out; filled outweb-based version
babylab-lmu,39,FRAKIS,24,733,21,1-10,noerror,filled out web-based version
babylab-lmu,40,FRAKIS,24,728,335,51-75,noerror,filled out web-based version
babylab-lmu,41,FRAKIS,18,569,221,76-90,error,already aged out; filled out web-based version
babylab-lmu,41,FRAKIS,24,734,481,91-100,noerror,filled out web-based version
babylab-lmu,42,FRAKIS,18,570,84,51-75,error,already aged out; filled out web-based version
babylab-lmu,42,FRAKIS,24,736,472,76-90,noerror,filled out web-based version
babylab-lmu,44,FRAKIS,18,571,24,26-50,error,already aged out; filled out pen-and-paper version
babylab-lmu,44,FRAKIS,24,723,77,11-25,noerror,filled out web-based version
babylab-lmu,45,FRAKIS,24,736,135,26-50,noerror,filled out web-based version
babylab-lmu,46,FRAKIS,18,550,45,26-50,noerror,filled out web-based version
babylab-lmu,46,FRAKIS,24,729,335,51-75,noerror,filled out web-based version
babylab-lmu,47,FRAKIS,18,554,66,51-75,noerror,filled out web-based version
babylab-lmu,47,FRAKIS,24,711,500,91-100,error,filled out web-based version when child was too young (younger than 23;15)
babylab-lmu,50,FRAKIS,18,567,11,11-25,error,already aged out; filled out pen-and-paper version
babylab-lmu,50,FRAKIS,24,724,218,51-75,noerror,filled out web-based version
babylab-lmu,51,FRAKIS,18,547,4,1-10,noerror,filled out web-based version
babylab-lmu,51,FRAKIS,24,725,96,11-25,noerror,filled out web-based version
babylab-lmu,52,FRAKIS,18,576,45,26-50,error,already aged out; filled out pen-and-paper version
babylab-lmu,52,FRAKIS,24,737,259,51-75,noerror,filled out web-based version
babylab-lmu,55,FRAKIS,18,559,24,26-50,noerror,filled out web-based version
babylab-lmu,55,FRAKIS,24,722,263,51-75,noerror,filled out web-based version
babylab-lmu,56,FRAKIS,18,562,37,26-50,error,already aged out; filled out web-based version
babylab-lmu,56,FRAKIS,24,744,222,26-50,noerror,filled out web-based version
babylab-lmu,57,FRAKIS,18,558,28,26-50,noerror,filled out web-based version
babylab-lmu,57,FRAKIS,24,724,253,51-75,noerror,filled out web-based version
babylab-lmu,58,FRAKIS,18,540,6,1-10,noerror,filled out web-based version
babylab-lmu,58,FRAKIS,24,734,237,26-50,noerror,filled out web-based version
babylab-lmu,59,FRAKIS,18,540,31,26-50,noerror,filled out web-based version
babylab-lmu,59,FRAKIS,24,723,309,51-75,noerror,filled out web-based version
babylab-lmu,60,FRAKIS,18,542,112,51-75,noerror,filled out web-based version
babylab-lmu,60,FRAKIS,24,732,308,51-75,noerror,filled out web-based version
babylab-lmu,61,FRAKIS,18,544,3,1-10,noerror,filled out web-based version
babylab-lmu,61,FRAKIS,24,739,3,1-10,noerror,filled out web-based version
babylab-lmu,62,FRAKIS,18,543,117,76-90,noerror,filled out web-based version
babylab-lmu,62,FRAKIS,24,727,516,91-100,noerror,filled out web-based version
babylab-lmu,63,FRAKIS,18,549,87,51-75,noerror,filled out web-based version
babylab-lmu,63,FRAKIS,24,724,340,51-75,noerror,filled out web-based version
babylab-lmu,65,FRAKIS,18,542,8,11-25,noerror,filled out web-based version
babylab-lmu,65,FRAKIS,24,732,41,11-25,noerror,filled out web-based version
babylab-lmu,66,FRAKIS,18,542,19,26-50,noerror,filled out web-based version
babylab-lmu,66,FRAKIS,24,723,196,51-75,noerror,filled out web-based version
babylab-lmu,69,FRAKIS,18,547,31,26-50,noerror,filled out web-based version
babylab-lmu,69,FRAKIS,24,727,396,76-90,noerror,filled out web-based version
babylab-lmu,70,FRAKIS,18,587,376,91-100,error,already aged out; filled out web-based version
babylab-lmu,71,FRAKIS,18,553,21,26-50,noerror,filled out web-based version
babylab-lmu,72,FRAKIS,24,732,80,11-25,noerror,filled out web-based version
babylab-lmu,73,FRAKIS,24,732,38,1-10,noerror,filled out web-based version
babylab-lmu,74,FRAKIS,18,544,62,51-75,noerror,filled out web-based version
babylab-lmu,74,FRAKIS,24,730,499,91-100,noerror,filled out web-based version
babylab-lmu,75,FRAKIS,18,576,111,76-90,error,already aged out; filled out web-based version
babylab-lmu,76,FRAKIS,18,558,11,11-25,noerror,filled out web-based version
babylab-lmu,76,FRAKIS,24,735,178,26-50,error,filled out web-based version but did not complete it
babylab-lmu,76,FRAKIS,24,735,203,26-50,noerror,filled out web-based version a second time the same day and completed it
babylab-lmu,79,FRAKIS,18,540,34,26-50,noerror,filled out web-based version
babylab-lmu,79,FRAKIS,24,740,60,11-25,noerror,filled out web-based version
babylab-lmu,80,FRAKIS,24,727,370,51-75,noerror,filled out web-based version
NA,NA,NA,NA,NA,NA,NA,NA,NA
NA,NA,NA,NA,NA,NA,NA,NA,NA
NA,NA,NA,NA,NA,NA,NA,NA,NA
NA,NA,NA,NA,NA,NA,NA,NA,NA
NA,NA,NA,NA,NA,NA,NA,NA,NA
NA,NA,NA,NA,NA,NA,NA,NA,NA
NA,NA,NA,NA,NA,NA,NA,NA,NA
NA,NA,NA,NA,NA,NA,NA,NA,NA
NA,NA,NA,NA,NA,NA,NA,NA,NA
NA,NA,NA,NA,NA,NA,NA,NA,NA
NA,NA,NA,NA,NA,NA,NA,NA,NA
NA,NA,NA,NA,NA,NA,NA,NA,NA
NA,NA,NA,NA,NA,NA,NA,NA,NA
NA,NA,NA,NA,NA,NA,NA,NA,NA
NA,NA,NA,NA,NA,NA,NA,NA,NA
NA,NA,NA,NA,NA,NA,NA,NA,NA
NA,NA,NA,NA,NA,NA,NA,NA,NA
NA,NA,NA,NA,NA,NA,NA,NA,NA
NA,NA,NA,NA,NA,NA,NA,NA,NA
NA,NA,NA,NA,NA,NA,NA,NA,NA
babylab_nijmegen,ba27_9-12,NCDI,24,730,196,28.13,noerror,NA
babylab_nijmegen,ba29_6-9,NCDI,24,718,146,16.3,noerror,NA
babylab_nijmegen,ba13_6-9,NCDI,24,727,467,89.58,noerror,NA
babylab_nijmegen,ba31_9-12,NCDI,24,724,132,24.77,noerror,"Agedays is calculated on the enddate of the survey i.o. the DoT in by parents, because this date (the day the questionnaire was filled in) was not valid"
babylab_nijmegen,ba30_6-9,NCDI,24,721,465,84.12,noerror,NA
babylab_nijmegen,ba06_9-12,NCDI,24,758,64,8.5,noerror,NA
babylab_nijmegen,ba08_6-9,NCDI,24,722,333,69.31,noerror,NA
babylab_nijmegen,ba25_6-9,NCDI,24,716,571,93.49,noerror,NA
babylab_nijmegen,ba30_9-12,NCDI,24,722,71,3.14,noerror,NA
babylab_nijmegen,ba11_9-12,NCDI,24,729,208,30.58,noerror,NA
babylab_nijmegen,ba19_6-9,NCDI,24,741,63,8.33,noerror,NA
babylab_nijmegen,ba02_6-9,NCDI,24,716,497,87.61,noerror,NA
babylab_nijmegen,ba12_6-9,NCDI,24,719,495,92.79,noerror,NA
babylab_nijmegen,ba15_9-12,NCDI,24,740,513,89.43,noerror,NA
babylab_nijmegen,ba24_9-12,NCDI,24,720,652,99,noerror,NA
babylab_nijmegen,ba06_6-9,NCDI,24,719,478,85.46,noerror,NA
babylab_nijmegen,ba21_6-9,NCDI,24,717,374,70,noerror,NA
babylab_nijmegen,ba22_6-9,NCDI,24,731,303,53.93,noerror,NA
babylab_nijmegen,ba15_6-9,NCDI,24,728,413,78.53,noerror,NA
babylab_nijmegen,ba16_9-12,NCDI,24,718,405,81.54,noerror,NA
babylab_nijmegen,ba11_6-9,NCDI,24,743,113,9.11,noerror,NA
babylab_nijmegen,ba23_6-9,NCDI,24,719,122,10.83,noerror,NA
babylab_nijmegen,ba08_9-12,NCDI,24,728,273,60.4,noerror,NA
babylab_nijmegen,ba18_9-12,NCDI,24,723,159,30.46,noerror,NA
babylab_nijmegen,ba05_6-9,NCDI,24,738,80,11.67,noerror,"The DoB of the child, filled in by parents, was wrong (same year as DoT). The correct DoB is retrieved from the database and replaced manually"
babylab_nijmegen,ba28_9-12,NCDI,24,716,176,23.33,noerror,NA
babylab_nijmegen,ba23_9-12,NCDI,24,727,389,75,noerror,NA
babylab_nijmegen,ba27_6-9,NCDI,24,717,455,83.14,noerror,NA
babylab_nijmegen,ba17_6-9,NCDI,24,737,205,30,noerror,"Agedays is calculated on the enddate of the survey i.o. the DoT in by parents, because this date (the day the questionnaire was filled in) was not valid"
babylab_nijmegen,ba05_9-12,NCDI,24,733,540,99,noerror,NA
babylab_nijmegen,ba09_6-9,NCDI,24,714,208,30.58,noerror,NA
babylab_nijmegen,ba04_9-12,NCDI,24,725,247,54.66,noerror,NA
babylab_nijmegen,ba21_9-12,NCDI,24,722,336,62.24,noerror,NA
babylab_nijmegen,ba20_6-9,NCDI,24,729,487,91.86,noerror,NA
babylab_nijmegen,ba18_6-9,NCDI,24,719,304,54.29,noerror,NA
babylab_nijmegen,ba10_6-9,NCDI,24,717,570,99,noerror,NA
babylab_nijmegen,ba25_9-12,NCDI,24,718,261,42.19,noerror,NA
babylab_nijmegen,ba01_9-12,NCDI,24,732,259,41.56,noerror,"Agedays is calculated on the enddate of the survey i.o. the DoT in by parents, because this date (the day the questionnaire was filled in) was not valid"
babylab_nijmegen,ba26_6-9,NCDI,24,721,180,35.36,noerror,NA
babylab-potsdam,b6805,FRAKIS,18,547,39,NA,noerror,NA
babylab-potsdam,b6805,FRAKIS,24,707,253,NA,noerror,NA
babylab-potsdam,b6829,FRAKIS,18,549,26,NA,noerror,NA
babylab-potsdam,b6829,FRAKIS,24,716,64,NA,noerror,NA
babylab-potsdam,b6833,FRAKIS,24,719,22,NA,noerror,NA
babylab-potsdam,b6834,FRAKIS,18,550,146,NA,noerror,NA
babylab-potsdam,b6846,FRAKIS,18,560,102,NA,noerror,a bit too old 18.7 months
babylab-potsdam,b6846,FRAKIS,24,717,480,NA,noerror,NA
babylab-potsdam,b6850,FRAKIS,18,541,4,NA,noerror,NA
babylab-potsdam,b6850,FRAKIS,24,735,50,NA,noerror,NA
babylab-potsdam,b6854,FRAKIS,18,561,28,NA,noerror,a bit too old 18.7 months
babylab-potsdam,b6854,FRAKIS,24,718,190,NA,noerror,NA
babylab-potsdam,b6869,FRAKIS,18,532,45,NA,noerror,NA
babylab-potsdam,b6869,FRAKIS,24,717,283,NA,noerror,NA
babylab-potsdam,b6871,FRAKIS,18,552,83,NA,noerror,NA
babylab-potsdam,b6871,FRAKIS,24,719,282,NA,noerror,NA
babylab-potsdam,b6873,FRAKIS,18,562,106,NA,noerror,a bit too old 18.7 months
babylab-potsdam,b6873,FRAKIS,24,702,378,NA,noerror,a bit too young 23.4 months
babylab-potsdam,b6880,FRAKIS,18,534,151,NA,noerror,NA
babylab-potsdam,b6885,FRAKIS,18,535,12,NA,noerror,NA
babylab-potsdam,b6885,FRAKIS,24,717,93,NA,noerror,NA
babylab-potsdam,b6893,FRAKIS,18,535,5,NA,noerror,NA
babylab-potsdam,b6893,FRAKIS,24,664,14,NA,noerror,a bit too young 22.1 months
babylab-potsdam,b6899,FRAKIS,18,548,25,NA,noerror,NA
babylab-potsdam,b6899,FRAKIS,24,691,122,NA,noerror,a bit too young 23 months
babylab-potsdam,b6902,FRAKIS,18,552,11,NA,noerror,NA
babylab-potsdam,b6902,FRAKIS,24,725,62,NA,noerror,NA
babylab-potsdam,b6903,FRAKIS,18,533,55,NA,noerror,NA
babylab-potsdam,b6907,FRAKIS,24,739,101,NA,noerror,a bit too old 24.6 months
babylab-potsdam,b6910,FRAKIS,24,702,327,NA,noerror,a bit too young 23.4 months
babylab-potsdam,b6911,FRAKIS,18,544,27,NA,noerror,NA
babylab-potsdam,b6911,FRAKIS,24,746,235,NA,noerror,a bit too old 24.9 months
babylab-potsdam,b6912,FRAKIS,18,567,158,NA,noerror,a bit too old 18.9 months
babylab-potsdam,b6912,FRAKIS,24,713,461,NA,noerror,NA
babylab-potsdam,b6913,FRAKIS,18,546,16,NA,noerror,NA
babylab-potsdam,b6913,FRAKIS,24,725,92,NA,noerror,NA
babylab-potsdam,b6915,FRAKIS,18,589,157,NA,noerror,a bit too old 19.6 months
babylab-potsdam,b6915,FRAKIS,24,674,223,NA,noerror,a bit too young 22.5 months
babylab-potsdam,b6917,FRAKIS,18,550,51,NA,noerror,NA
babylab-potsdam,b6917,FRAKIS,24,714,144,NA,noerror,NA
babylab-potsdam,b6920,FRAKIS,24,720,500,NA,noerror,NA
babylab-potsdam,b6921,FRAKIS,18,539,11,NA,noerror,NA
babylab-potsdam,b6921,FRAKIS,24,727,67,NA,noerror,NA
babylab-potsdam,b6926,FRAKIS,18,549,14,NA,noerror,NA
babylab-potsdam,b6926,FRAKIS,24,686,26,NA,noerror,a bit too young 22.9 months
babylab-potsdam,b6939,FRAKIS,18,553,8,NA,noerror,NA
babylab-potsdam,b6939,FRAKIS,24,767,95,NA,noerror,a bit too old 25.6 months
babylab-potsdam,b6940,FRAKIS,18,544,79,NA,noerror,NA
babylab-potsdam,b6940,FRAKIS,24,701,284,NA,noerror,a bit too young 23.4 months
babylab-potsdam,b6945,FRAKIS,18,562,207,NA,noerror,a bit too old 18.7 months
babylab-potsdam,b6945,FRAKIS,24,709,316,NA,noerror,NA
babylab-potsdam,b6946,FRAKIS,18,533,7,NA,noerror,NA
babylab-potsdam,b6960,FRAKIS,18,541,112,NA,noerror,NA
babylab-potsdam,b6960,FRAKIS,24,688,392,NA,noerror,a bit too young 22.9 months
babylab-potsdam,b6961,FRAKIS,18,546,44,NA,noerror,NA
babylab-potsdam,b6961,FRAKIS,24,728,346,NA,noerror,NA
babylab-potsdam,b6967,FRAKIS,18,549,210,NA,noerror,NA
babylab-potsdam,b6967,FRAKIS,24,716,364,NA,noerror,NA
babylab-potsdam,b6971,FRAKIS,24,726,89,NA,noerror,NA
babylab-potsdam,b6987,FRAKIS,24,740,114,NA,noerror,a bit too old 24.7 months
babylab-potsdam,b6993,FRAKIS,24,676,216,NA,noerror,a bit too young 22.5 months
babylab-potsdam,b7003,FRAKIS,18,538,46,NA,noerror,NA
babylab-potsdam,b7041,FRAKIS,18,533,106,NA,noerror,NA
babylab-potsdam,b7045,FRAKIS,18,534,39,NA,noerror,NA
babylab-potsdam,b7045,FRAKIS,24,699,360,NA,noerror,a bit too young 23.3 months
babylab-vuw,P01,webcdi,18,551,185,noerror,NA
babylab-vuw,P01,webcdi,24,737,405,noerror,NA
babylab-vuw,P02,webcdi,18,548,68,error,"after completing CDI, parent noted 25% exposure to another language ( scattered words for about 6 hours per day, 7 days per week)"
babylab-vuw,P02,webcdi,24,744,321,error,"after completing CDI, parent noted 25% exposure to another language ( scattered words for about 6 hours per day, 7 days per week)"
babylab-vuw,S01,webcdi,18,549,45,noerror,NA
babylab-vuw,S01,webcdi,24,734,221,noerror,NA
babylab-vuw,S02,webcdi,18,531,75,noerror,"after completeing CDI, parent noted 20% exposure to another language at daycare (7 hours per day, 5 days per week). This is likely to be some Maori words included in English sentences, rather than speaking sentences in another language."
babylab-vuw,S02,webcdi,24,734,516,noerror,"after completeing CDI, parent noted 20% exposure to another language at daycare (7 hours per day, 5 days per week). This is likely to be some Maori words included in English sentences, rather than speaking sentences in another language."
babylab-vuw,S03,webcdi,18,547,120,noerror,NA
babylab-vuw,S03,webcdi,24,724,474,noerror,NA
babylab-vuw,S04,webcdi,18,541,139,noerror,NA
babylab-vuw,S04,webcdi,24,731,443,noerror,NA
babylab-vuw,S05,webcdi,18,NA,NA,error,did not complete within timeframe.
babylab-vuw,S05,webcdi,24,NA,NA,error,did not complete within timeframe.
babylab-vuw,S06,webcdi,18,539,46,noerror,NA
babylab-vuw,S06,webcdi,24,729,253,noerror,NA
babylab-vuw,S07,webcdi,18,541,33,noerror,NA
babylab-vuw,S07,webcdi,24,722,190,noerror,NA
babylab-vuw,S08,webcdi,18,546,32,noerror,NA
babylab-vuw,S08,webcdi,24,NA,NA,error,did not complete within timeframe.
babylab-vuw,S09,webcdi,18,536,127,noerror,NA
babylab-vuw,S09,webcdi,24,728,589,noerror,NA
babylab-vuw,S11,webcdi,18,531,201,noerror,NA
babylab-vuw,S11,webcdi,24,727,361,noerror,NA
babylab-vuw,S12,webcdi,18,547,76,noerror,NA
babylab-vuw,S12,webcdi,24,730,248,noerror,NA
babylab-vuw,S13,webcdi,18,548,35,noerror,NA
babylab-vuw,S13,webcdi,24,731,297,noerror,NA
babylab-vuw,S14,webcdi,18,NA,NA,error,did not complete within timeframe.
babylab-vuw,S14,webcdi,24,NA,NA,error,did not complete within timeframe.
babylab-vuw,S15,webcdi,18,548,261,noerror,NA
babylab-vuw,S15,webcdi,24,726,438,noerror,NA
babylab-vuw,S16,webcdi,18,543,393,noerror,NA
babylab-vuw,S16,webcdi,24,736,559,noerror,NA
babyling-oslo,OS_002,NorCDI,18,555,23,16,noerror,Parents comment that she understands much more than she says.
babyling-oslo,OS_002,NorCDI,24,732,120,9,noerror,NA
babyling-oslo,OS_003,NorCDI,18,556,65,62,noerror,NA
babyling-oslo,OS_003,NorCDI,24,733,264,50,noerror,NA
babyling-oslo,OS_005,NorCDI,18,545,75,49,noerror,NA
babyling-oslo,OS_005,NorCDI,24,727,178,19,noerror,NA
babyling-oslo,OS_007,NorCDI,18,549,127,79,noerror,NA
babyling-oslo,OS_007,NorCDI,24,732,403,74,noerror,NA
babyling-oslo,OS_009,NorCDI,18,546,86,54,noerror,NA
babyling-oslo,OS_009,NorCDI,24,730,542,87,noerror,NA
babyling-oslo,OS_012,NorCDI,18,550,210,90,noerror,NA
babyling-oslo,OS_012,NorCDI,24,728,604,97,noerror,NA
babyling-oslo,OS_014,NorCDI,18,NA,NA,NA,error,Did not respond
babyling-oslo,OS_014,NorCDI,24,NA,NA,NA,error,Did not respond
babyling-oslo,OS_015,NorCDI,18,555,33,27,noerror,NA
babyling-oslo,OS_015,NorCDI,24,735,193,21,noerror,NA
babyling-oslo,OS_016,NorCDI,18,542,26,33,noerror,NA
babyling-oslo,OS_016,NorCDI,24,732,170,33,noerror,NA
babyling-oslo,OS_017,NorCDI,18,550,8,5,noerror,Parents used 5 min to fill out the form
babyling-oslo,OS_017,NorCDI,24,731,139,12,noerror,NA
babyling-oslo,OS_018,NorCDI,18,554,13,14,noerror,NA
babyling-oslo,OS_018,NorCDI,24,731,45,2,noerror,NA
babyling-oslo,OS_019,NorCDI,18,549,305,97,noerror,NA
babyling-oslo,OS_019,NorCDI,24,732,704,99,noerror,NA
babyling-oslo,OS_022,NorCDI,18,553,42,50,noerror,NA
babyling-oslo,OS_022,NorCDI,24,729,160,16,noerror,NA
babyling-oslo,OS_025,NorCDI,18,546,79,51,noerror,NA
babyling-oslo,OS_025,NorCDI,24,731,247,31,noerror,NA
babyling-oslo,OS_026,NorCDI,18,550,16,18,noerror,NA
babyling-oslo,OS_026,NorCDI,24,733,158,31,noerror,NA
babyling-oslo,OS_028,NorCDI,18,541,10,9,noerror,NA
babyling-oslo,OS_028,NorCDI,24,727,160,31,noerror,NA
babyling-oslo,OS_029,NorCDI,18,551,197,83,noerror,NA
babyling-oslo,OS_029,NorCDI,24,734,507,81,noerror,NA
babyling-oslo,OS_030,NorCDI,18,553,54,57,noerror,NA
babyling-oslo,OS_030,NorCDI,24,736,170,33,noerror,NA
babyling-oslo,OS_031,NorCDI,18,544,47,36,noerror,NA
babyling-oslo,OS_031,NorCDI,24,729,349,49,noerror,NA
babyling-oslo,OS_032,NorCDI,18,559,14,15,noerror,NA
babyling-oslo,OS_032,NorCDI,24,736,148,29,noerror,NA
babyling-oslo,OS_033,NorCDI,18,NA,NA,NA,error,Did not respond
babyling-oslo,OS_033,NorCDI,24,NA,NA,NA,error,Did not respond
babyling-oslo,OS_034,NorCDI,18,552,187,81,noerror,NA
babyling-oslo,OS_034,NorCDI,24,730,474,75,noerror,NA
babyling-oslo,OS_035,NorCDI,18,545,35,28,noerror,NA
babyling-oslo,OS_035,NorCDI,24,726,150,14,noerror,NA
babyling-oslo,OS_036,NorCDI,18,NA,NA,NA,error,Did not respond
babyling-oslo,OS_036,NorCDI,24,NA,NA,NA,error,Did not respond
babyling-oslo,OS_038,NorCDI,18,552,8,6,noerror,"Parents commented that he has not started to speak yet, and that his brother was similiar and started to speak at the age of 2"
babyling-oslo,OS_038,NorCDI,24,NA,NA,NA,error,RA error
babyling-oslo,OS_039,NorCDI,18,547,61,59,noerror,NA
babyling-oslo,OS_039,NorCDI,24,731,227,43,noerror,NA
babyling-oslo,OS_040,NorCDI,18,549,28,36,noerror,NA
babyling-oslo,OS_040,NorCDI,24,733,91,16,noerror,NA
babyling-oslo,OS_041,NorCDI,18,547,230,93,noerror,NA
babyling-oslo,OS_041,NorCDI,24,736,643,99,noerror,NA
babyling-oslo,OS_043,NorCDI,18,NA,NA,NA,error,Did not respond
babyling-oslo,OS_043,NorCDI,24,727,286,38,noerror,NA
babyling-oslo,OS_048,NorCDI,18,547,33,40,noerror,NA
babyling-oslo,OS_048,NorCDI,24,731,277,52,noerror,NA
babyling-oslo,OS_050,NorCDI,18,NA,NA,NA,error,Did not want to be contacted
babyling-oslo,OS_050,NorCDI,24,NA,NA,NA,error,Did not want to be contacted
babyling-oslo,OS_051,NorCDI,18,547,12,13,noerror,Parents used 6 min to fill out the form
babyling-oslo,OS_051,NorCDI,24,731,72,12,noerror,NA
bcrl-unlv,2901,webcdi,24,792,8,<1,error,"Much lower number of words produced than other babies, unsure if parent misunderstood directions or if other problem"
bcrl-unlv,2804,webcdi,24,739,99,11,noerror,NA
bcrl-unlv,2401,webcdi,24,732,346,50,noerror,NA
bcrl-unlv,3304,webcdi,24,721,51,10,noerror,NA
bcrl-unlv,3103,webcdi,24,746,248,49,noerror,NA
bcrl-unlv,802,webcdi,24,753,80,8,noerror,NA
bcrl-unlv,2304,webcdi,24,719,225,37,noerror,NA
bcrl-unlv,303,webcdi,24,783,124,18,noerror,NA
bcrl-unlv,2504,webcdi,24,744,NA,NA,error,Participant did not complete survey
bcrl-unlv,1204,webcdi,24,783,174,27,noerror,NA
bcrl-unlv,404,webcdi,24,770,235,32,noerror,NA
bcrl-unlv,101,webcdi,24,758,322,62,noerror,NA
bcrl-unlv,1701,webcdi,24,770,117,16,noerror,NA
bcrl-unlv,602,webcdi,24,696,210,58,noerror,MA
bcrl-unlv,3402,webcdi,18,614,NA,NA,error,Participant did not complete survey
bcrl-unlv,1902,webcdi,18,669,95,29,noerror,NA
bcrl-unlv,1103,webcdi,24,691,353,61,noerror,NA
bcrl-unlv,2703,webcdi,18,592,451,95,noerror,NA
bcrl-unlv,3201,webcdi,24,793,361,37,noerror,NA
bcrl-unlv,1504,webcdi,24,745,67,10,noerror,NA
bcrl-unlv,1002,webcdi,24,1002,51,6,noerror,NA
bcrl-unlv,3503,webcdi,18,601,208,80,noerror,NA
bcrl-unlv,2804,webcdi,18,609,NA,NA,error,Participant did not complete survey
bcrl-unlv,3201,webcdi,18,610,86,34,noerror,NA
bcrl-unlv,2703,webcdi,24,743,605,94,noerror,NA
bcrl-unlv,3002,webcdi,24,738,175,34,noerror,NA
bcrl-unlv,2103,webcdi,24,746,50,7,noerror,NA
bcrl-unlv,3604,webcdi,24,713,485,84,noerror,NA
bcrl-unlv,1401,webcdi,24,769,292,48,noerror,NA
bcrl-unlv,702,webcdi,24,833,222,36,noerror,NA
chosunbaby,H15_Y12,K-CDI,18,557,81,NA,noerror,NA
chosunbaby,H02_Y01,K-CDI,18,571,19,NA,noerror,NA
chosunbaby,H14_Y11,K-CDI,18,554,118,NA,noerror,NA
chosunbaby,H13_Y10,K-CDI,18,552,122,NA,noerror,NA
chosunbaby,H12_Y09,K-CDI,18,559,17,NA,noerror,NA
chosunbaby,H68_O22,K-CDI,18,550,19,NA,noerror,NA
chosunbaby,H22_Y18,K-CDI,18,559,24,NA,noerror,NA
chosunbaby,H20_Y16,K-CDI,18,551,116,NA,noerror,NA
chosunbaby,H01_O01,K-CDI,24,735,137,NA,noerror,NA
chosunbaby,H17_O04,K-CDI,24,753,418,NA,noerror,NA
chosunbaby,H16_Y13,K-CDI,18,547,134,NA,noerror,NA
chosunbaby,H05_Y03,K-CDI,18,549,49,NA,noerror,NA
chosunbaby,H23_Y19,K-CDI,18,546,17,NA,noerror,NA
chosunbaby,H10_O03,K-CDI,24,734,225,NA,noerror,NA
chosunbaby,H73_O25,K-CDI,18,547,44,NA,noerror,NA
chosunbaby,H11_Y08,K-CDI,18,561,53,NA,noerror,NA
chosunbaby,H18_Y14,K-CDI,18,578,84,NA,noerror,NA
chosunbaby,H24_O05,K-CDI,24,761,293,NA,noerror,NA
chosunbaby,H47_Y32,K-CDI,18,574,99,NA,noerror,NA
chosunbaby,H90_O38,K-CDI,18,565,21,NA,noerror,NA
chosunbaby,H29_Y22,K-CDI,18,548,56,NA,noerror,NA
chosunbaby,H95_O39,K-CDI,18,547,36,NA,noerror,NA
chosunbaby,H52_Y35,K-CDI,18,550,34,NA,noerror,NA
chosunbaby,H63_O20,K-CDI,18,573,9,NA,noerror,NA
chosunbaby,H85_O33,K-CDI,18,550,8,NA,noerror,NA
chosunbaby,H97_O40,K-CDI,18,549,59,NA,noerror,NA
chosunbaby,H50_Y34,K-CDI,18,563,20,NA,noerror,NA
chosunbaby,H48_Y33,K-CDI,18,566,91,NA,noerror,NA
chosunbaby,H87_O35,K-CDI,18,549,174,NA,noerror,NA
chosunbaby,H25_O06,K-CDI,24,735,101,NA,noerror,NA
chosunbaby,H77_O29,K-CDI,18,549,80,NA,noerror,NA
chosunbaby,H81_O30,K-CDI,18,550,127,NA,noerror,NA
chosunbaby,H30_Y23,K-CDI,18,571,37,NA,noerror,NA
chosunbaby,H26_O07,K-CDI,24,731,469,NA,noerror,NA
chosunbaby,H36_O11,K-CDI,24,747,125,NA,noerror,NA
chosunbaby,H43_Y30,K-CDI,18,574,1,NA,noerror,NA
chosunbaby,H44_O14,K-CDI,24,758,74,NA,noerror,NA
chosunbaby,H40_Y27,K-CDI,18,564,16,NA,noerror,NA
chosunbaby,H58_Y40,K-CDI,18,551,38,NA,noerror,NA
chosunbaby,H88_O36,K-CDI,18,577,16,NA,noerror,NA
chosunbaby,H60_Y42,K-CDI,18,549,76,NA,noerror,NA
chosunbaby,H14_Y11,K-CDI,24,735,246,NA,noerror,NA
chosunbaby,H02_Y01,K-CDI,24,753,93,NA,noerror,NA
chosunbaby,H08_Y06,K-CDI,24,731,114,NA,noerror,NA
chosunbaby,H56_Y39,K-CDI,18,575,67,NA,noerror,NA
chosunbaby,H15_Y12,K-CDI,24,760,216,NA,noerror,NA
chosunbaby,H62_Y43,K-CDI,18,566,6,NA,noerror,NA
chosunbaby,H22_Y18,K-CDI,24,747,126,NA,noerror,NA
chosunbaby,H04_Y02,K-CDI,24,757,301,NA,noerror,NA
chosunbaby,H13_Y10,K-CDI,24,758,158,NA,noerror,NA
chosunbaby,H06_Y04,K-CDI,24,744,195,NA,noerror,NA
chosunbaby,H12_Y09,K-CDI,24,758,29,NA,noerror,NA
chosunbaby,H20_Y16,K-CDI,24,731,351,NA,noerror,NA
chosunbaby,H71_Y23,K-CDI,24,732,251,NA,noerror,NA
chosunbaby,H68_O22,K-CDI,24,759,129,NA,noerror,NA
chosunbaby,H27_Y20,K-CDI,24,758,309,NA,noerror,NA
chosunbaby,H64_Y44,K-CDI,18,576,91,NA,noerror,NA
chosunbaby,H39_Y26,K-CDI,24,758,225,NA,noerror,NA
chosunbaby,H67_Y46,K-CDI,18,563,85,NA,noerror,NA
chosunbaby,H23_Y19,K-CDI,24,731,44,NA,noerror,NA
chosunbaby,H16_Y13,K-CDI,24,747,209,NA,noerror,NA
chosunbaby,H47_Y32,K-CDI,24,731,228,NA,noerror,NA
chosunbaby,H18_Y14,K-CDI,24,738,254,NA,noerror,NA
chosunbaby,H11_Y08,K-CDI,24,731,155,NA,noerror,NA
chosunbaby,H73_O25,K-CDI,24,731,178,NA,noerror,NA
chosunbaby,H05_Y03,K-CDI,24,761,158,NA,noerror,NA
chosunbaby,H48_Y33,K-CDI,24,734,228,NA,noerror,NA
chosunbaby,H29_Y22,K-CDI,24,731,124,NA,noerror,NA
chosunbaby,H72_O24,K-CDI,24,737,137,NA,noerror,NA
chosunbaby,H30_Y23,K-CDI,24,738,184,NA,noerror,NA
chosunbaby,H66_Y45,K-CDI,18,575,129,NA,noerror,NA
chosunbaby,H97_O40,K-CDI,24,736,187,NA,noerror,Dad also answered with similar result
chosunbaby,H87_O35,K-CDI,24,732,224,NA,noerror,NA
chosunbaby,H84_Y52,K-CDI,18,551,55,NA,noerror,NA
chosunbaby,H90_O38,K-CDI,24,763,221,NA,noerror,NA
chosunbaby,H77_O29,K-CDI,24,733,230,NA,noerror,NA
chosunbaby,H81_O30,K-CDI,24,734,182,NA,noerror,NA
chosunbaby,H52_Y35,K-CDI,24,755,72,NA,noerror,NA
chosunbaby,H95_O39,K-CDI,24,757,174,NA,noerror,NA
chosunbaby,H40_Y27,K-CDI,24,748,129,NA,noerror,NA
chosunbaby,H94_Y56,K-CDI,18,549,3,NA,noerror,NA
chosunbaby,H62_Y43,K-CDI,24,753,9,NA,noerror,delayed speech
chosunbaby,H84_Y52,K-CDI,24,738,240,NA,noerror,NA
InfantCog-UBC,ih34,webcdi,24,725,214,35,noerror,NA
InfantCog-UBC,qd38,webcdi,24,708,163,27,noerror,NA
InfantCog-UBC,ph39,webcdi,24,725,477,90,noerror,NA
InfantCog-UBC,lp37,webcdi,24,734,368,70,noerror,NA
InfantCog-UBC,os32,webcdi,24,735,493,87,noerror,NA
InfantCog-UBC,nk47,webcdi,24,731,49,7,noerror,NA
InfantCog-UBC,vf48,webcdi,24,743,382,57,noerror,NA
InfantCog-UBC,gr45,webcdi,24,733,419,64,noerror,NA
InfantCog-UBC,ad42,webcdi,24,721,377,65,noerror,NA
InfantCog-UBC,js28,webcdi,24,719,227,37,noerror,NA
InfantCog-UBC,tm29,webcdi,24,712,589,97,noerror,NA
InfantCog-UBC,tf44,webcdi,24,723,270,60,noerror,NA
InfantCog-UBC,vd18,webcdi,24,732,423,65,noerror,NA
InfantCog-UBC,am19,webcdi,24,733,114,21,noerror,NA
InfantCog-UBC,ap16,webcdi,24,727,241,56,noerror,NA
InfantCog-UBC,ac31,webcdi,24,729,136,22,noerror,NA
InfantCog-UBC,fl26,webcdi,24,727,408,82,noerror,NA
InfantCog-UBC,ml23,webcdi,24,732,488,78,noerror,NA
InfantCog-UBC,hv25,webcdi,24,718,118,28,noerror,NA
InfantCog-UBC,kw21,webcdi,24,720,425,74,noerror,NA
InfantCog-UBC,c12,webcdi,24,745,115,21,noerror,NA
InfantCog-UBC,sl05,webcdi,24,781,85,6,noerror,NA
InfantCog-UBC,sl05,webcdi,18,549,67,34,noerror,NA
InfantCog-UBC,tp13,webcdi,18,546,25,26,noerror,NA
InfantCog-UBC,am19,webcdi,18,599,29,16,noerror,NA
InfantCog-UBC,mk06,webcdi,18,545,18,17,noerror,NA
InfantCog-UBC,kw21,webcdi,18,550,128,57,noerror,NA
InfantCog-UBC,js28,webcdi,18,581,156,56,noerror,NA
InfantCog-UBC,tm29,webcdi,18,595,263,87,noerror,NA
InfantCog-UBC,hm33,webcdi,18,542,44,43,noerror,NA
InfantCog-UBC,ml23,webcdi,18,538,101,57,noerror,Age in days was calculated based on when survey was sent out.
InfantCog-UBC,qd38,webcdi,18,555,11,4,noerror,NA
InfantCog-UBC,el35,webcdi,18,571,0,<1,noerror,NA
InfantCog-UBC,ih34,webcdi,18,572,37,19,noerror,NA
InfantCog-UBC,gr45,webcdi,18,587,160,57,noerror,NA
InfantCog-UBC,os32,webcdi,18,575,273,92,noerror,NA
InfantCog-UBC,tp13,webcdi,24,744,470,84,noerror,NA
InfantCog-UBC,hv36,webcdi,18,602,73,43,noerror,NA
InfantCog-UBC,mk06,webcdi,24,750,60,9,noerror,NA
InfantCog-UBC,tp13,webcdi,24,744,289,64,noerror,NA
infantcoglab-louisville,236097,webcdi,18,594,44,18,error,"original data was lost due to experimenter error, parents filled out web CDI a second time"
infantcoglab-louisville,236172,webcdi,18,599,6,36,error,"original data was lost due to experimenter error, parents filled out web CDI a second time"
infantcoglab-louisville,236297,webcdi,18,609,17,6,noerror,NA
infantcoglab-louisville,236527,webcdi,18,575,12,7,noerror,NA
infantcoglab-louisville,236527,webcdi,24,774,26,2,noerror,NA
infantcoglab-louisville,236534,webcdi,18,561,83,42,noerror,NA
infantcoglab-louisville,236582,webcdi,18,567,230,81,noerror,NA
infantcoglab-louisville,236582,webcdi,24,783,507,73,noerror,NA
infantcoglab-louisville,237148,webcdi,18,577,27,13,noerror,NA
infantcoglab-louisville,237148,webcdi,24,761,46,3,noerror,NA
infantcoglab-louisville,237157,webcdi,18,561,100,48,noerror,NA
infantcoglab-louisville,237157,webcdi,24,789,198,21,noerror,NA
infantcoglab-louisville,237603,webcdi,18,593,103,56,noerror,NA
infantcoglab-louisville,237604,webcdi,18,649,47,16,error,"original data was lost due to experimenter error, parents filled out web CDI a second time"
infantcoglab-louisville,237624,webcdi,18,610,231,65,noerror,NA
infantcoglab-louisville,237624,webcdi,24,792,496,71,noerror,NA
infantcoglab-louisville,238332,webcdi,18,587,13,6,noerror,NA
infantcoglab-louisville,238332,webcdi,NA,805,342,49,error,"parents did not fill out the webCDI after initial contact, infant aged out of 24-month range, then parents contacted us and asked to fill out the webCDI when they were 26-months"
infantcoglab-louisville,238338,webcdi,18,546,28,19,noerror,NA
infantcoglab-louisville,238338,webcdi,24,754,204,27,noerror,NA
infantlanglab-utk,MB1R7_2M_S2,webcdi,18,573,21,15,noerror,NA
infantlanglab-utk,MB1R7_2F_S7,webcdi,18,595,96,47,noerror,NA
infantlanglab-utk,MB1R7_2M_S9,webcdi,18,573,95,60,noerror,NA
infantlanglab-utk,MB1R7_1M_S10,webcdi,18,560,47,38,noerror,NA
infantlanglab-utk,MB1R7_3F_S12,webcdi,18,602,28,10,noerror,NA
infantlanglab-utk,MB1R8_2F_S2,webcdi,18,565,139,61,noerror,NA
infantlanglab-utk,MB1R8_1M_S3,webcdi,18,596,34,20,noerror,NA
infantlanglab-utk,MB1R8_3M_S5,webcdi,18,557,21,15,noerror,NA
infantlanglab-utk,MB1R9_4M_S2,webcdi,18,601,24,5,noerror,NA
infantlanglab-utk,MBiR8_4M_S10,webcdi,18,583,65,40,noerror,NA
infantlanglab-utk,MB1R12_1F_S1,webcdi,18,576,174,71,noerror,NA
infantlanglab-utk,MB1R12_2F_S2,webcdi,18,591,8,2,noerror,NA
infantlanglab-utk,MB1R12_1M_S3,webcdi,18,561,83,57,noerror,NA
infantlanglab-utk,MB1R12_4M_S6,webcdi,18,562,40,33,noerror,NA
infantlanglab-utk,MB1R12_3F_S8,webcdi,18,567,45,23,noerror,NA
infantlanglab-utk,MB1R12_4F_S9,webcdi,18,567,32,16,noerror,NA
infantlanglab-utk,MB1R12_1F_S10,webcdi,18,552,29,14,noerror,NA
infantlanglab-utk,MB1R13_1M_S1,webcdi,18,583,18,8,noerror,NA
infantlanglab-utk,MB1R13_1F_S3,webcdi,18,563,48,25,noerror,NA
infantlanglab-utk,MB1R13_3M_S4,webcdi,18,554,159,76,noerror,NA
infantlanglab-utk,MB1R13_2F_S5,webcdi,18,562,95,47,noerror,NA
infantlanglab-utk,MB1R13_3F_S6,webcdi,18,577,19,8,noerror,NA
infantlanglab-utk,MB1R13_3M_S12,webcdi,18,565,6,3,noerror,NA
infantlanglab-utk,MB1R14_1M_S2,webcdi,18,575,259,87,noerror,NA
infantlanglab-utk,MB1R14_2M_S3,webcdi,18,585,24,9,noerror,NA
infantlanglab-utk,MB1R14_4F_S4,webcdi,18,592,50,15,noerror,NA
infantlanglab-utk,MB1R14_3F_S5,webcdi,18,574,53,22,noerror,NA
infantlanglab-utk,MB1R14_4F_S8,webcdi,18,563,53,22,noerror,NA
infantlanglab-utk,MB1R14_3F_S11,webcdi,18,597,307,79,noerror,NA
infantlanglab-utk,MB1R14_4M_S12,webcdi,18,576,106,57,noerror,NA
infantlanglab-utk,MB1R14_4F_S15,webcdi,18,552,102,40,noerror,NA
infantlanglab-utk,MB1R14_4M_S17,webcdi,18,562,209,86,noerror,NA
infantlanglab-utk,MB1R6_1M_S1,webcdi,24,731,367,70,noerror,NA
infantlanglab-utk,MB1R6_2F_S4,webcdi,24,734,181,30,noerror,NA
infantlanglab-utk,MB1R6_3F_S5,webcdi,24,726,82,11,noerror,NA
infantlanglab-utk,MB1R6_4F_S6,webcdi,24,729,243,48,noerror,NA
infantlanglab-utk,MB1R6_4M_S7,webcdi,24,726,533,90,noerror,NA
infantlanglab-utk,MB1R6_1M_S10,webcdi,24,719,113,18,noerror,NA
infantlanglab-utk,MB1R6_1F_S11,webcdi,24,714,148,24,noerror,NA
infantlanglab-utk,MB1R7_1M_S1,webcdi,24,677,253,65,noerror,NA
infantlanglab-utk,MB1R7_2M_S2,webcdi,24,678,76,22,noerror,NA
infantlanglab-utk,MB1R7_4M_S4,webcdi,24,680,393,86,noerror,NA
infantlanglab-utk,MB1R7_1F_S5,webcdi,24,697,83,16,noerror,NA
infantlanglab-utk,MB1R7_2F_S7,webcdi,24,682,163,33,noerror,NA
infantlanglab-utk,MB1R7_2M_S9,webcdi,24,699,237,62,noerror,NA
infantlanglab-utk,MB1R7_1M_S10,webcdi,24,686,109,33,noerror,NA
infantlanglab-utk,MB1R7_3F_S12,webcdi,24,684,23,3,noerror,NA
infantlanglab-utk,MB1R8_1F_S1,webcdi,24,692,287,57,noerror,NA
infantlanglab-utk,MB1R8_2F_S2,webcdi,24,710,411,72,noerror,NA
infantlanglab-utk,MB1R8_1M_S3,webcdi,24,699,75,22,noerror,NA
infantlanglab-utk,MB1R8_2M_S4,webcdi,24,698,90,27,noerror,NA
infantlanglab-utk,MB1R8_3M_S5,webcdi,24,686,105,32,noerror,NA
infantlanglab-utk,MB1R9_4M_S2,webcdi,24,684,24,5,noerror,NA
infantlanglab-utk,MB1R9_1F_S1,webcdi,24,684,270,54,noerror,NA
infantlanglab-utk,MBiR8_4M_S10,webcdi,24,700,137,41,noerror,NA
infantlanglab-utk,MB1R12_1F_S1,webcdi,24,751,444,69,noerror,NA
infantlanglab-utk,MB1R12_2F_S2,webcdi,24,738,19,2,noerror,NA
infantlanglab-utk,MB1R12_1M_S3,webcdi,24,722,334,72,noerror,NA
infantlanglab-utk,MB1R12_3M_S5,webcdi,24,743,133,25,noerror,NA
infantlanglab-utk,MB1R12_4M_S6,webcdi,24,738,80,13,noerror,NA
infantlanglab-utk,MB1R12_4M_S7,webcdi,24,728,59,12,noerror,NA
infantlanglab-utk,MB1R12_3F_S8,webcdi,24,727,103,16,noerror,NA
infantlanglab-utk,MB1R12_4F_S9,webcdi,24,727,90,13,noerror,NA
infantlanglab-utk,MB1R12_1F_S10,webcdi,24,711,134,21,noerror,NA
infantlanglab-utk,MB1R13_1F_S3,webcdi,24,736,549,88,noerror,NA
infantlanglab-utk,MB1R13_2F_S5,webcdi,24,737,377,56,noerror,NA
infantlanglab-utk,MB1R13_3F_S6,webcdi,24,785,99,8,noerror,NA
infantlanglab-utk,MBiR13_3F_S8,webcdi,24,747,226,30,noerror,NA
infantlanglab-utk,MB1R13_4M_S9,webcdi,24,754,23,3,noerror,NA
infantlanglab-utk,MBiR13_4F_S10,webcdi,24,751,161,21,noerror,NA
infantlanglab-utk,MB1R13_2M_S11,webcdi,24,735,379,64,noerror,NA
infantlanglab-utk,MB1R13_3M_S12,webcdi,24,736,20,3,noerror,NA
infantlanglab-utk,MB1R14_4F_S4,webcdi,24,759,283,39,noerror,NA
infantlanglab-utk,MB1R14_3F_S5,webcdi,24,746,157,20,noerror,NA
infantlanglab-utk,MB1R14_2F_S7,webcdi,24,739,496,80,noerror,NA
infantlanglab-utk,MB1R14_4F_S8,webcdi,24,735,199,27,noerror,NA
infantlanglab-utk,MB1R14_4M_S12,webcdi,24,752,342,66,noerror,NA
infantlanglab-utk,MB1R14_2M_S14,webcdi,24,760,233,46,noerror,NA
infantlanglab-utk,MB1R14_4F_S15,webcdi,24,739,298,42,noerror,NA
infantstudies-ubc,MB_M_1,webcdi,24,NA,NA,NA,not completed
infantstudies-ubc,MB_M_2,webcdi,24,NA,NA,NA,not completed
infantstudies-ubc,MB_M_3,webcdi,24,702,507,NA,NA
infantstudies-ubc,MB_M_4,webcdi,24,725,247,NA,NA
infantstudies-ubc,MB_M_5,webcdi,24,708,32,NA,NA
infantstudies-ubc,MB_M_6,webcdi,24,701,498,NA,NA
infantstudies-ubc,MB_M_7,webcdi,24,700,417,NA,NA
infantstudies-ubc,MB_M_8,webcdi,24,668,36,NA,NA
infantstudies-ubc,MB_M_9,webcdi,24,669,153,NA,NA
infantstudies-ubc,MB_M_10,webcdi,24,NA,NA,NA,not completed
infantstudies-ubc,MB_M_11,webcdi,24,667,457,NA,NA
infantstudies-ubc,MB_M_12,webcdi,24,NA,NA,NA,not completed
infantstudies-ubc,MB_M_13,webcdi,24,711,30,NA,NA
infantstudies-ubc,MB_M_14,webcdi,24,703,7,NA,NA
infantstudies-ubc,MB_M_15,webcdi,24,NA,NA,NA,not completed
infantstudies-ubc,MB_M_16,webcdi,24,705,180,NA,NA
infantstudies-ubc,MB_M_17,webcdi,24,674,133,NA,NA
infantstudies-ubc,MB_M_18,webcdi,24,NA,NA,NA,not completed
infantstudies-ubc,MB_M_19,webcdi,24,NA,NA,NA,not completed
infantstudies-ubc,MB_M_20,webcdi,24,NA,NA,NA,not completed
infantstudies-ubc,MB_M_21,webcdi,24,NA,NA,NA,not completed
infantstudies-ubc,MB_M_22,webcdi,24,719,588,NA,NA
infantstudies-ubc,MB_M_23,webcdi,24,NA,NA,NA,not completed
infantstudies-ubc,MB_M_24,webcdi,24,693,146,NA,NA
infantstudies-ubc,MB_M_25,webcdi,24,NA,NA,NA,not completed
infantstudies-ubc,MB_M_1,webcdi,18,559,97,NA,NA
infantstudies-ubc,MB_M_2,webcdi,18,NA,NA,NA,CDI not completed
infantstudies-ubc,MB_M_3,webcdi,18,540,232,NA,NA
infantstudies-ubc,MB_M_4,webcdi,18,543,51,NA,NA
infantstudies-ubc,MB_M_5,webcdi,18,548,6,NA,NA
infantstudies-ubc,MB_M_6,webcdi,18,NA,NA,NA,CDI not completed
infantstudies-ubc,MB_M_7,webcdi,18,538,79,NA,NA
infantstudies-ubc,MB_M_8,webcdi,18,540,14,NA,NA
infantstudies-ubc,MB_M_9,webcdi,18,NA,NA,NA,CDI not completed
infantstudies-ubc,MB_M_10,webcdi,18,549,15,NA,NA
infantstudies-ubc,MB_M_11,webcdi,18,523,118,NA,NA
infantstudies-ubc,MB_M_12,webcdi,18,NA,NA,NA,CDI not completed
infantstudies-ubc,MB_M_13,webcdi,18,541,10,NA,NA
infantstudies-ubc,MB_M_14,webcdi,18,564,6,NA,NA
infantstudies-ubc,MB_M_15,webcdi,18,NA,NA,NA,CDI not completed
infantstudies-ubc,MB_M_16,webcdi,18,571,19,NA,NA
infantstudies-ubc,MB_M_17,webcdi,18,526,38,NA,NA
infantstudies-ubc,MB_M_18,webcdi,18,NA,NA,NA,CDI not completed
infantstudies-ubc,MB_M_19,webcdi,18,542,32,NA,NA
infantstudies-ubc,MB_M_20,webcdi,18,536,28,NA,NA
infantstudies-ubc,MB_M_21,webcdi,18,557,52,NA,NA
infantstudies-ubc,MB_M_22,webcdi,18,533,21,NA,NA
infantstudies-ubc,MB_M_23,webcdi,18,500,77,NA,NA
infantstudies-ubc,MB_M_24,webcdi,18,490,19,NA,NA
infantstudies-ubc,MB_M_25,webcdi,18,509,5,NA,NA
leeds-lcdu,MB04,O-CDI,18,543,90,NA,noerror,NA
leeds-lcdu,MB05,O-CDI,18,564,129,NA,noerror,NA
leeds-lcdu,MB07,O-CDI,18,549,12,NA,noerror,NA
leeds-lcdu,MB08,O-CDI,18,562,12,NA,noerror,NA
leeds-lcdu,MB09,O-CDI,18,552,51,NA,noerror,NA
leeds-lcdu,MB11,O-CDI,18,564,222,NA,noerror,NA
leeds-lcdu,MB12,O-CDI,18,557,3,NA,noerror,NA
leeds-lcdu,MB13,O-CDI,18,563,57,NA,noerror,NA
leeds-lcdu,MB15,O-CDI,18,557,59,NA,noerror,NA
leeds-lcdu,MB16,O-CDI,18,564,49,NA,noerror,NA
leeds-lcdu,MB01,O-CDI,24,720,172,NA,noerror,NA
leeds-lcdu,MB02,O-CDI,24,723,250,NA,noerror,NA
leeds-lcdu,MB03,O-CDI,24,744,171,NA,noerror,NA
leeds-lcdu,MB04,O-CDI,24,746,283,NA,noerror,one day out of age range (24;16) but only by a few hours
leeds-lcdu,MB05,O-CDI,24,744,402,NA,noerror,NA
leeds-lcdu,MB06,O-CDI,24,745,394,NA,noerror,NA
leeds-lcdu,MB07,O-CDI,24,742,156,NA,noerror,NA
leeds-lcdu,MB08,O-CDI,24,724,85,NA,noerror,NA
leeds-lcdu,MB09,O-CDI,24,723,167,NA,noerror,NA
leeds-lcdu,MB10,O-CDI,24,726,388,NA,noerror,NA
leeds-lcdu,MB11,O-CDI,24,745,395,NA,noerror,NA
leeds-lcdu,MB13,O-CDI,24,723,234,NA,noerror,NA
leeds-lcdu,MB14,O-CDI,24,733,332,NA,noerror,NA
leeds-lcdu,MB15,O-CDI,24,726,245,NA,noerror,NA
leeds-lcdu,MB16,O-CDI,24,732,112,NA,noerror,NA
NA,NA,NA,NA,NA,NA,NA,NA,NA
lll-liv,MB010,O-CDI,18,542,152,NA,noerror,NA
lll-liv,MB046,O-CDI,18,539,3,NA,noerror,NA
lll-liv,MB042,O-CDI,18,555,18,NA,noerror,NA
lll-liv,MB045,O-CDI,18,551,19,NA,noerror,NA
lll-liv,MB017,O-CDI,18,561,147,NA,noerror,NA
lll-liv,MB009,O-CDI,18,540,115,NA,noerror,NA
lll-liv,MB065,O-CDI,18,542,58,NA,noerror,NA
lll-liv,MB039,O-CDI,18,535,19,NA,noerror,NA
lll-liv,MB005,O-CDI,18,550,32,NA,noerror,NA
lll-liv,MB003,O-CDI,18,531,16,NA,noerror,NA
lll-liv,MB073,O-CDI,18,546,75,NA,noerror,NA
lll-liv,MB007,O-CDI,18,536,70,NA,noerror,NA
lll-liv,MB075,O-CDI,18,551,39,NA,noerror,NA
lll-liv,MB069,O-CDI,18,547,40,NA,noerror,NA
lll-liv,MB040,O-CDI,18,541,215,NA,noerror,NA
lll-liv,MB002,O-CDI,18,550,52,NA,noerror,NA
lll-liv,MB071,O-CDI,18,538,55,NA,noerror,NA
lll-liv,MB044,O-CDI,18,561,27,NA,noerror,NA
lll-liv,MB015,O-CDI,18,561,293,NA,noerror,NA
lll-liv,MB074,O-CDI,18,534,5,NA,noerror,NA
lll-liv,MB010,O-CDI,24,722,361,NA,noerror,NA
lll-liv,MB042,O-CDI,24,737,148,NA,noerror,NA
lll-liv,MB001,O-CDI,24,727,352,NA,noerror,NA
lll-liv,MB043,O-CDI,24,722,273,NA,noerror,NA
lll-liv,MB009,O-CDI,24,726,393,NA,noerror,NA
lll-liv,MB036,O-CDI,24,744,283,NA,noerror,NA
lll-liv,MB037,O-CDI,24,722,394,NA,noerror,NA
lll-liv,MB003,O-CDI,24,731,125,NA,noerror,NA
lll-liv,MB007,O-CDI,24,719,245,NA,noerror,NA
lll-liv,MB047,O-CDI,24,720,403,NA,noerror,NA
lll-liv,MB035,O-CDI,24,717,150,NA,noerror,NA
lll-liv,MB069,O-CDI,24,759,213,NA,noerror,NA
lll-liv,MB040,O-CDI,24,727,367,NA,noerror,NA
lll-liv,MB002,O-CDI,24,736,323,NA,noerror,NA
lll-liv,MB038,O-CDI,24,746,310,NA,noerror,NA
lll-liv,MB071,O-CDI,24,737,194,NA,noerror,NA
lll-liv,MB044,O-CDI,24,721,340,NA,noerror,NA
lscp-psl,4,French European,18,564,19,52.5,noerror,NA
lscp-psl,4,French European,24,756,94,81.42,noerror,NA
lscp-psl,10,French European,18,576,39,82.17,noerror,NA
lscp-psl,10,French European,24,807,97,87.86,noerror,NA
lscp-psl,11,French European,18,557,13,36.11,noerror,NA
lscp-psl,11,French European,24,720,81,60.3,noerror,NA
lscp-psl,13,French European,18,564,3,7.5,noerror,NA
lscp-psl,17,French European,18,575,29,75.65,noerror,NA
lscp-psl,17,French European,24,726,84,64.7,noerror,NA
lscp-psl,19,French European,18,549,7,19,noerror,NA
lscp-psl,19,French European,24,740,84,64.7,noerror,NA
lscp-psl,21,French European,24,750,90,73.54,noerror,NA
lscp-psl,23,French European,18,548,15,41.67,noerror,NA
lscp-psl,23,French European,24,726,100,100,noerror,NA
lscp-psl,24,French European,18,563,9,25,noerror,NA
lscp-psl,24,French European,24,724,73,49.11,noerror,NA
lscp-psl,27,French European,18,562,24,65,noerror,NA
lscp-psl,27,French European,24,719,51,29.45,noerror,NA
lscp-psl,29,French European,24,728,97,87.86,noerror,NA
lscp-psl,34,French European,18,538,43,84.78,noerror,NA
lscp-psl,34,French European,24,718,84,64.7,noerror,NA
princeton-babylab,MB001,webcdi,18,NA,NA,NA,error,NC
princeton-babylab,MB002,webcdi,18,559,103,49,NA,NA
princeton-babylab,MB003,webcdi,18,542,9,3,NA,NA
princeton-babylab,MB004,webcdi,18,NA,NA,NA,error,NC
princeton-babylab,MB005,webcdi,18,560,97,61,NA,NA
princeton-babylab,MB006,webcdi,18,563,27,20,NA,NA
princeton-babylab,MB007,webcdi,18,538,9,7,NA,NA
princeton-babylab,MB008,webcdi,18,526,41,41,NA,NA
princeton-babylab,MB009,webcdi,18,NA,NA,NA,error,NC
princeton-babylab,MB010,webcdi,18,NA,NA,NA,error,NC
princeton-babylab,MB011,webcdi,18,563,19,13,NA,NA
princeton-babylab,MB012,webcdi,18,NA,NA,NA,error,NC
princeton-babylab,MB013,webcdi,18,559,57,44,NA,NA
princeton-babylab,MB014,webcdi,18,587,61,25,NA,NA
princeton-babylab,MB015,webcdi,18,531,75,60,NA,NA
princeton-babylab,MB016,webcdi,18,539,21,13,NA,NA
princeton-babylab,MB001,webcdi,24,NA,NA,NA,error,NC
princeton-babylab,MB002,webcdi,24,804,502,63,NA,NA
princeton-babylab,MB003,webcdi,24,745,258,35,NA,NA
princeton-babylab,MB004,webcdi,24,NA,NA,NA,error,NC
princeton-babylab,MB005,webcdi,24,770,359,60,NA,NA
princeton-babylab,MB006,webcdi,24,725,400,81,NA,NA
princeton-babylab,MB007,webcdi,24,727,249,49,NA,NA
princeton-babylab,MB008,webcdi,24,719,310,68,NA,NA
princeton-babylab,MB009,webcdi,24,NA,NA,NA,error,NC
princeton-babylab,MB010,webcdi,24,NA,NA,NA,error,NC
princeton-babylab,MB011,webcdi,24,693,14,3,NA,NA
princeton-babylab,MB012,webcdi,24,711,245,41,NA,NA
princeton-babylab,MB013,webcdi,24,744,341,65,NA,NA
princeton-babylab,MB014,webcdi,24,724,483,84,NA,NA
princeton-babylab,MB015,webcdi,24,720,585,97,NA,NA
princeton-babylab,MB016,webcdi,24,749,205,27,NA,NA
princeton-babylab,MB017,webcdi,18,547,30,15,NA,NA
princeton-babylab,MB018,webcdi,18,536,641,99,NA,NA
princeton-babylab,MB019,webcdi,18,538,19,18,NA,NA
princeton-babylab,MB020,webcdi,18,540,77,66,NA,NA
princeton-babylab,MB021,webcdi,18,539,46,31,NA,NA
princeton-babylab,MB022,webcdi,18,534,41,28,NA,NA
princeton-babylab,MB023,webcdi,18,540,29,14,NA,NA
princeton-babylab,MB024,webcdi,18,532,66,43,NA,NA
princeton-babylab,MB025,webcdi,18,540,7,5,NA,NA
princeton-babylab,MB026,webcdi,18,NA,NA,NA,error,NC
princeton-babylab,MB027,webcdi,18,541,64,41,NA,NA
princeton-babylab,MB028,webcdi,18,NA,NA,NA,error,NC
princeton-babylab,MB029,webcdi,18,539,107,70,NA,NA
princeton-babylab,MB030,webcdi,18,532,33,35,NA,NA
princeton-babylab,MB031,webcdi,18,538,88,52,NA,NA
princeton-babylab,MB032,webcdi,18,545,138,80,NA,NA
princeton-babylab,MB017,webcdi,24,NA,NA,NA,error,NC
princeton-babylab,MB018,webcdi,24,697,675,99,NA,NA
princeton-babylab,MB019,webcdi,24,720,127,31,NA,NA
princeton-babylab,MB020,webcdi,24,733,316,61,NA,NA
princeton-babylab,MB021,webcdi,24,733,334,48,NA,NA
princeton-babylab,MB022,webcdi,24,752,430,66,NA,NA
princeton-babylab,MB023,webcdi,24,771,251,28,NA,NA
princeton-babylab,MB024,webcdi,24,722,293,49,NA,NA
princeton-babylab,MB025,webcdi,24,761,5,<1,NA,NA
princeton-babylab,MB026,webcdi,24,733,252,50,NA,NA
princeton-babylab,MB027,webcdi,24,718,288,48,NA,NA
princeton-babylab,MB028,webcdi,24,NA,NA,NA,error,NC
princeton-babylab,MB029,webcdi,24,725,390,80,NA,NA
princeton-babylab,MB030,webcdi,24,753,189,37,NA,NA
princeton-babylab,MB031,webcdi,24,720,484,84,NA,NA
princeton-babylab,MB032,webcdi,24,NA,NA,NA,error,NC
purdue-infant-speech,4211,webcdi,18,620,3,1,noerror,NA
purdue-infant-speech,4318,webcdi,18,558,129,58,noerror,NA
purdue-infant-speech,4285,webcdi,18,558,3,1,noerror,NA
purdue-infant-speech,4246,webcdi,18,620,71,35,noerror,NA
purdue-infant-speech,4229,webcdi,24,775,313,37,noerror,NA
purdue-infant-speech,4241,webcdi,24,775,323,38,noerror,NA
purdue-infant-speech,4277,webcdi,18,589,480,96,noerror,NA
purdue-infant-speech,4317,webcdi,24,744,306,43,noerror,NA
purdue-infant-speech,4324,webcdi,18,589,5,2,noerror,NA
purdue-infant-speech,4356,webcdi,18,589,21,7,noerror,NA
purdue-infant-speech,4290,webcdi,18,620,152,61,noerror,NA
purdue-infant-speech,4251,webcdi,24,775,286,47,noerror,NA
purdue-infant-speech,4285,webcdi,24,806,76,4,noerror,NA
purdue-infant-speech,4355,webcdi,18,620,6,2,noerror,NA
purdue-infant-speech,4337,webcdi,24,744,464,83,noerror,NA
purdue-infant-speech,4258,webcdi,24,806,121,13,noerror,NA
purdue-infant-speech,4269,webcdi,24,775,409,70,noerror,NA
purdue-infant-speech,4243,webcdi,24,806,238,32,noerror,NA
purdue-infant-speech,4253,webcdi,24,775,346,42,noerror,NA
purdue-infant-speech,4254,webcdi,24,775,391,49,noerror,NA
purdue-infant-speech,4282,webcdi,24,806,465,55,noerror,NA
purdue-infant-speech,4290,webcdi,24,744,366,70,noerror,NA
purdue-infant-speech,4294,webcdi,24,744,492,87,noerror,NA
purdue-infant-speech,4305,webcdi,24,744,147,28,noerror,NA
purdue-infant-speech,4333,webcdi,24,713,194,46,noerror,NA
purdue-infant-speech,4352,webcdi,24,806,448,51,noerror,NA
purdue-infant-speech,4286,webcdi,24,744,126,23,noerror,NA
purdue-infant-speech,4263,webcdi,24,837,522,76,noerror,NA
purdue-infant-speech,4277,webcdi,24,775,480,68,noerror,NA
purdue-infant-speech,4355,webcdi,24,744,5,<1,noerror,NA
purdue-infant-speech,4324,webcdi,24,775,33,2,noerror,NA
purdue-infant-speech,4356,webcdi,24,806,315,30,noerror,NA
purdue-infant-speech,4233,webcdi,18,558,135,59,noerror,NA
purdue-infant-speech,4229,webcdi,18,558,22,10,noerror,NA
purdue-infant-speech,4317,webcdi,18,558,51,27,noerror,NA
purdue-infant-speech,4249,webcdi,18,589,27,10,noerror,NA
purdue-infant-speech,4269,webcdi,18,558,32,25,noerror,NA
purdue-infant-speech,4253,webcdi,18,558,38,20,noerror,NA
purdue-infant-speech,4214,webcdi,24,744,44,3,noerror,NA
purdue-infant-speech,4182,webcdi,24,775,151,15,noerror,NA
purdue-infant-speech,4352,webcdi,18,558,47,25,noerror,NA
purdue-infant-speech,4272,webcdi,18,558,91,45,noerror,NA
purdue-infant-speech,4243,webcdi,18,589,37,22,noerror,NA
purdue-infant-speech,4316,webcdi,18,620,259,71,noerror,NA
purdue-infant-speech,4262,webcdi,24,713,29,5,noerror,NA
purdue-infant-speech,4249,webcdi,24,744,28,2,noerror,NA
purdue-infant-speech,4231,webcdi,24,775,377,47,noerror,NA
purdue-infant-speech,4299,webcdi,18,558,76,55,noerror,NA
purdue-infant-speech,4226,webcdi,24,775,3,<1,noerror,NA
purdue-infant-speech,4333,webcdi,18,589,63,40,noerror,NA
purdue-infant-speech,4305,webcdi,18,589,33,20,noerror,NA
purdue-infant-speech,4302,webcdi,18,558,60,31,noerror,NA
purdue-infant-speech,4294,webcdi,18,620,380,92,noerror,NA
purdue-infant-speech,4251,webcdi,18,620,64,32,noerror,NA
purdue-infant-speech,4311,webcdi,18,558,13,8,noerror,NA
purdue-infant-speech,4310,webcdi,18,558,16,10,noerror,NA
purdue-infant-speech,4282,webcdi,18,589,115,45,noerror,NA
purdue-infant-speech,4263,webcdi,18,527,9,7,noerror,NA
purdue-infant-speech,4331,webcdi,24,713,28,3,noerror,NA
purdue-infant-speech,4369,webcdi,18,589,28,15,noerror,NA
purdue-infant-speech,4303,webcdi,18,558,27,13,noerror,NA
purdue-infant-speech,4292,webcdi,24,775,240,40,noerror,NA
purdue-infant-speech,4280,webcdi,18,589,276,81,noerror,NA
purdue-infant-speech,4228,webcdi,24,775,323,38,noerror,NA
purdue-infant-speech,4211,webcdi,24,744,6,<1,noerror,NA
purdue-infant-speech,4246,webcdi,24,806,340,48,noerror,NA
purdue-infant-speech,4292,webcdi,18,589,91,52,noerror,NA
purdue-infant-speech,4262,webcdi,18,558,7,4,noerror,NA
purdue-infant-speech,4231,webcdi,18,589,47,19,noerror,NA
purdue-infant-speech,4226,webcdi,18,558,2,1,noerror,NA
purdue-infant-speech,4208,webcdi,18,589,126,62,noerror,NA
purdue-infant-speech,4228,webcdi,18,558,113,53,noerror,NA
um_babylanguagelab,1020,webCDI,NA,NA,NA,NA,error,webCDI sent but not completed
um_babylanguagelab,1025,webCDI,18,534,367,70,noerror,NA
um_babylanguagelab,1025,webCDI,24,758,62,56,noerror,NA
um_babylanguagelab,1115,webCDI,24,773,533,91,noerror,NA
um_babylanguagelab,1164,webCDI,18,506,307,52,noerror,NA
um_babylanguagelab,1164,webCDI,24,727,47,40,noerror,NA
um_babylanguagelab,1220,webCDI,NA,NA,NA,NA,error,webCDI sent but not completed
um_babylanguagelab,1289,webCDI,18,588,46,29,noerror,NA
um_babylanguagelab,1289,webCDI,NA,NA,NA,NA,error,webCDI sent but not completed
um_babylanguagelab,1289,webCDI,NA,NA,NA,NA,error,webCDI sent but not completed
um_babylanguagelab,1327,webCDI,24,755,198,39,noerror,NA
um_babylanguagelab,1335,webCDI,18,556,495,91,noerror,NA
um_babylanguagelab,1335,webCDI,24,718,82,56,noerror,NA
um_babylanguagelab,1335,webCDI,NA,NA,NA,NA,error,webCDI sent but not completed
um_babylanguagelab,1366,webCDI,18,534,49,33,noerror,NA
um_babylanguagelab,1366,webCDI,NA,NA,NA,NA,error,webCDI sent but not completed
um_babylanguagelab,1399,webCDI,18,541,3,2,noerror,NA
um_babylanguagelab,1399,webCDI,NA,NA,NA,NA,error,webCDI sent but not completed
um_babylanguagelab,1417,webCDI,18,554,122,67,noerror,NA
um_babylanguagelab,1460,webCDI,18,543,102,16,noerror,NA
um_babylanguagelab,1460,webCDI,24,724,26,17,noerror,NA
um_babylanguagelab,1470,webCDI,18,518,469,74,noerror,NA
um_babylanguagelab,1470,webCDI,24,736,11,6,noerror,NA
um_babylanguagelab,1524,webCDI,NA,NA,NA,NA,error,webCDI sent but not completed
um_babylanguagelab,1696,webCDI,18,531,60,39,noerror,NA
um_babylanguagelab,1696,webCDI,NA,NA,NA,NA,error,webCDI sent but not completed
um_babylanguagelab,1756,webCDI,18,551,125,30,noerror,NA
um_babylanguagelab,1756,webCDI,24,714,16,10,noerror,NA
um_babylanguagelab,1793,webCDI,NA,NA,NA,NA,error,webCDI sent but not completed
um_babylanguagelab,1799,webCDI,18,551,24,3,noerror,NA
um_babylanguagelab,1799,webCDI,24,692,23,11,noerror,NA
um_babylanguagelab,1817,webCDI,18,550,174,50,noerror,NA
um_babylanguagelab,1817,webCDI,24,700,49,40,noerror,NA
um_babylanguagelab,1896,webCDI,24,730,334,57,noerror,NA
um_babylanguagelab,1934,webCDI,18,529,60,9,noerror,NA
um_babylanguagelab,1934,webCDI,24,744,16,15,noerror,NA
um_babylanguagelab,1937,webCDI,18,580,6,2,noerror,NA
um_babylanguagelab,1937,webCDI,NA,NA,NA,NA,error,webCDI sent but not completed
um_babylanguagelab,2086,webCDI,18,555,88,44,noerror,NA
um_babylanguagelab,2106,webCDI,18,547,410,72,noerror,NA
um_babylanguagelab,2106,webCDI,24,720,53,35,noerror,NA
um_babylanguagelab,2196,webCDI,18,608,20,6,noerror,NA
um_babylanguagelab,2196,webCDI,NA,NA,NA,NA,error,webCDI sent but not completed
um_babylanguagelab,2287,webCDI,18,544,6,5,noerror,NA
um_babylanguagelab,2329,webCDI,18,555,258,43,noerror,NA
um_babylanguagelab,2329,webCDI,24,721,43,22,noerror,NA
um_babylanguagelab,2531,webCDI,NA,NA,NA,NA,error,webCDI sent but not completed
um_babylanguagelab,2566,webCDI,18,550,188,74,noerror,NA
um_babylanguagelab,2566,webCDI,NA,NA,NA,NA,error,webCDI sent but not completed
um_babylanguagelab,2661,webCDI,NA,NA,NA,NA,error,webCDI sent but not completed
um_babylanguagelab,2702,webCDI,NA,NA,NA,NA,error,webCDI sent but not completed
um_babylanguagelab,2739,webCDI,18,537,217,36,noerror,NA
um_babylanguagelab,2739,webCDI,24,728,108,60,noerror,NA
um_babylanguagelab,2920,webCDI,NA,NA,NA,NA,error,webCDI sent but not completed
um_babylanguagelab,2966,webCDI,NA,NA,NA,NA,error,webCDI sent but not completed
um_babylanguagelab,3004,webCDI,18,578,298,66,noerror,NA
um_babylanguagelab,3004,webCDI,24,721,24,18,noerror,NA
um_babylanguagelab,3052,webCDI,18,545,335,78,noerror,NA
um_babylanguagelab,3052,webCDI,24,693,98,67,noerror,NA
um_babylanguagelab,3092,webCDI,24,741,435,67,noerror,NA
um_babylanguagelab,3120,webCDI,18,NA,42,22,error,participant not identifiable - possibly test data?
um_babylanguagelab,3137,webCDI,18,540,438,68,noerror,NA
um_babylanguagelab,3137,webCDI,24,728,241,87,noerror,NA
um_babylanguagelab,3645,webCDI,18,545,17,10,noerror,NA
um_babylanguagelab,3645,webCDI,NA,NA,NA,NA,error,webCDI sent but not completed
um_babylanguagelab,3685,webCDI,24,714,54,11,noerror,NA
um_babylanguagelab,3780,webCDI,18,554,439,83,noerror,NA
um_babylanguagelab,3780,webCDI,24,702,218,80,noerror,NA
um_babylanguagelab,3886,webCDI,NA,NA,NA,NA,error,webCDI sent but not completed
um_babylanguagelab,3933,webCDI,18,533,376,63,noerror,NA
um_babylanguagelab,3933,webCDI,24,782,74,60,noerror,NA
um_babylanguagelab,3949,webCDI,18,536,367,61,noerror,NA
um_babylanguagelab,3949,webCDI,24,772,21,21,noerror,NA
um_babylanguagelab,4022,webCDI,18,538,361,76,noerror,NA
um_babylanguagelab,4022,webCDI,24,723,38,40,noerror,NA
um_babylanguagelab,4041,webCDI,24,687,202,56,noerror,NA
um_babylanguagelab,4048,webCDI,18,570,101,62,noerror,NA
um_babylanguagelab,4051,webCDI,24,703,76,10,noerror,NA
um_babylanguagelab,4051,webCDI,NA,NA,NA,NA,error,webCDI sent but not completed
um_babylanguagelab,4065,webCDI,18,541,339,79,noerror,NA
um_babylanguagelab,4065,webCDI,24,695,77,61,noerror,NA
um_babylanguagelab,4073,webCDI,18,575,6,3,noerror,NA
um_babylanguagelab,4080,webCDI,24,700,482,89,noerror,NA
um_babylanguagelab,4161,webCDI,24,752,640,97,noerror,NA
um_babylanguagelab,4165,webCDI,18,570,372,96,noerror,NA
um_babylanguagelab,4165,webCDI,NA,NA,NA,NA,error,webCDI sent but not completed
um_babylanguagelab,4192,webCDI,18,553,95,47,noerror,NA
um_babylanguagelab,4204,webCDI,18,526,78,61,noerror,NA
um_babylanguagelab,4204,webCDI,NA,NA,NA,NA,error,webCDI sent but not completed
um_babylanguagelab,4239,webCDI,NA,NA,NA,NA,error,webCDI sent but not completed
um_babylanguagelab,4392,webCDI,24,684,40,10,noerror,NA
um_babylanguagelab,4552,webCDI,NA,NA,NA,NA,error,webCDI sent but not completed
um_babylanguagelab,4620,webCDI,18,551,444,86,noerror,NA
um_babylanguagelab,4620,webCDI,24,724,182,82,noerror,NA
um_babylanguagelab,4620,webCDI,NA,NA,NA,NA,error,webCDI sent but not completed
um_babylanguagelab,4625,webCDI,18,581,74,5,noerror,NA
um_babylanguagelab,4625,webCDI,24,765,44,18,noerror,NA
um_babylanguagelab,4625,webCDI,NA,NA,NA,NA,error,webCDI sent but not completed
um_babylanguagelab,4718,webCDI,18,537,75,16,noerror,NA
um_babylanguagelab,4718,webCDI,24,716,17,16,noerror,NA
um_babylanguagelab,4790,webCDI,18,557,523,77,noerror,NA
um_babylanguagelab,4790,webCDI,24,768,91,45,noerror,NA
um_babylanguagelab,4901,webCDI,18,585,312,91,noerror,NA
um_babylanguagelab,4901,webCDI,NA,NA,NA,NA,error,webCDI sent but not completed
unlv-musiclab,MB021,webcdi,24,777,85,9,noerror,NA
unlv-musiclab,MB023,webcdi,NA,NA,NA,NA,error,incomplete
unlv-musiclab,MB023,webcdi,NA,NA,NA,NA,error,incomplete
unlv-musiclab,MB023,webcdi,NA,NA,NA,NA,error,incomplete
unlv-musiclab,MB021,webcdi,24,768,39,24,error,incomplete
unlv-musiclab,MB024,webcdi,24,717,429,80,noerror,NA
unlv-musiclab,MB014,webcdi,24,724,131,17,noerror,NA
unlv-musiclab,MB017,webcdi,NA,NA,0,NA,error,incomplete
unlv-musiclab,MB018,webcdi,24,728,121,23,noerror,NA
unlv-musiclab,MB019,webcdi,24,714,628,97,noerror,NA
unlv-musiclab,MB015,webcdi,24,708,202,28,noerror,NA
unlv-musiclab,MB006,webcdi,24,713,73,13,noerror,NA
unlv-musiclab,MB014,webcdi,18,540,8,4,noerror,NA
unlv-musiclab,MB018,webcdi,NA,NA,NA,NA,error,incomplete
unlv-musiclab,MB005,webcdi,18,547,78,40,noerror,NA
unlv-musiclab,MB007,webcdi,18,525,11,5,noerror,NA
unlv-musiclab,MB006,webcdi,18,551,21,15,noerror,NA
unlv-musiclab,MB001,webcdi,24,737,376,56,noerror,NA
unlv-musiclab,MB012,webcdi,NA,NA,NA,NA,error,incomplete
unlv-musiclab,MB004,webcdi,18,546,146,64,noerror,NA
unlv-musiclab,MB002,webcdi,18,547,6,3,noerror,NA
unlv-musiclab,MB001,webcdi,18,577,166,70,noerror,NA
unlv-musiclab,MB019,webcdi,18,518,51,28,noerror,NA
unlv-musiclab,MB009,webcdi,NA,NA,NA,NA,error,incomplete
unlv-musiclab,MB015,webcdi,18,549,22,11,noerror,NA
unlv-musiclab,MB024,webcdi,18,528,120,68,noerror,NA
unlv-musiclab,MB008,webcdi,18,558,17,11,noerror,NA
unlv-musiclab,MB008,webcdi,24,707,130,17,noerror,NA
unlv-musiclab,MB013,webcdi,NA,NA,NA,NA,error,incomplete
unlv-musiclab,MB017,webcdi,18,602,93,61,noerror,NA
unlv-musiclab,MB004,webcdi,NA,NA,NA,NA,error,incomplete
unlv-musiclab,MB021,webcdi,18,531,150,65,noerror,NA
unlv-musiclab,MB023,webcdi,18,578,93,61,noerror,NA
unlv-musiclab,MB005,webcdi,24,753,133,18,noerror,NA
unlv-musiclab,MB007,webcdi,24,716,52,5,noerror,NA
weescience-edinburgh,MB01,O-CDI,18,549,88,NA,noerror,NA
weescience-edinburgh,MB01,O-CDI,24,790,346,NA,noerror,NA
weescience-edinburgh,MB02,O-CDI,18,551,164,NA,noerror,NA
weescience-edinburgh,MB02,O-CDI,24,763,365,NA,noerror,NA
weescience-edinburgh,MB03,O-CDI,18,551,19,NA,noerror,NA
weescience-edinburgh,MB03,O-CDI,24,764,253,NA,noerror,NA
weescience-edinburgh,MB06,O-CDI,18,550,20,NA,noerror,NA
weescience-edinburgh,MB06,O-CDI,24,751,198,NA,noerror,NA
weescience-edinburgh,MB07,O-CDI,18,546,49,NA,noerror,NA
weescience-edinburgh,MB07,O-CDI,24,751,264,NA,noerror,NA
weescience-edinburgh,MB09,O-CDI,18,538,87,NA,noerror,NA
weescience-edinburgh,MB12,O-CDI,18,564,88,NA,noerror,NA
weescience-edinburgh,MB12,O-CDI,24,790,337,NA,noerror,NA
weescience-edinburgh,MB14,O-CDI,18,538,148,NA,noerror,NA
weescience-edinburgh,MB14,O-CDI,24,720,392,NA,noerror,NA
weescience-edinburgh,MB16,O-CDI,18,562,382,NA,noerror,NA
weescience-edinburgh,MB17,O-CDI,18,563,132,NA,noerror,NA
weescience-edinburgh,MB18,O-CDI,18,541,54,NA,noerror,NA
weescience-edinburgh,MB18,O-CDI,24,754,192,NA,noerror,NA
weescience-edinburgh,MB19,O-CDI,24,739,199,NA,noerror,NA
weescience-edinburgh,MB20,O-CDI,18,540,65,NA,noerror,NA
weescience-edinburgh,MB21,O-CDI,18,532,19,NA,noerror,NA
weescience-edinburgh,MB22,O-CDI,18,538,53,NA,noerror,NA
weescience-edinburgh,MB22,O-CDI,24,752,372,NA,noerror,NA
weescience-edinburgh,MB23,O-CDI,18,536,14,NA,noerror,NA
weescience-edinburgh,MB23,O-CDI,24,751,108,NA,noerror,NA
weescience-edinburgh,MB24,O-CDI,18,568,51,NA,noerror,NA
weescience-edinburgh,MB24,O-CDI,24,765,183,NA,noerror,NA
weescience-edinburgh,MB25,O-CDI,18,540,88,NA,noerror,NA
weescience-edinburgh,MB25,O-CDI,24,799,391,NA,noerror,NA
weescience-edinburgh,MB26,O-CDI,18,536,85,NA,noerror,NA
weescience-edinburgh,MB26,O-CDI,24,784,396,NA,noerror,NA
weescience-edinburgh,MB27,O-CDI,18,537,126,NA,noerror,NA
weescience-edinburgh,MB28,O-CDI,18,555,89,NA,noerror,NA
weescience-edinburgh,MB28,O-CDI,24,728,265,NA,noerror,NA
weescience-edinburgh,MB30,O-CDI,18,560,20,NA,noerror,NA
weescience-edinburgh,MB30,O-CDI,24,731,86,NA,noerror,NA
weescience-edinburgh,MB31,O-CDI,24,763,206,NA,noerror,NA
weescience-edinburgh,MB32,O-CDI,18,561,102,NA,noerror,NA
weescience-edinburgh,MB33,O-CDI,18,557,35,NA,noerror,NA
weescience-edinburgh,MB34,O-CDI,18,535,71,NA,noerror,NA
weescience-edinburgh,MB35,O-CDI,18,545,32,NA,noerror,NA
weescience-edinburgh,MB36,O-CDI,18,560,47,NA,noerror,NA
weltentdecker-zurich,mb_13758,FROSCH,18,558,259,NA,noerror,NA
weltentdecker-zurich,mb_13794,FROSCH,18,555,8,NA,noerror,NA
weltentdecker-zurich,mb_12894,FROSCH,18,543,42,NA,noerror,NA
weltentdecker-zurich,mb_13439,FROSCH,18,551,110,NA,noerror,NA
weltentdecker-zurich,mb_14059,FROSCH,18,554,10,NA,noerror,NA
weltentdecker-zurich,mb_14054,FROSCH,18,560,7,NA,noerror,NA
weltentdecker-zurich,mb_13643,FROSCH,18,551,5,NA,noerror,NA
weltentdecker-zurich,mb_13447,FROSCH,18,560,20,NA,noerror,NA
weltentdecker-zurich,mb_12516,FROSCH,convenience,762,117,NA,noerror,NA
weltentdecker-zurich,mb_13498,FROSCH,convenience,615,79,NA,noerror,NA
weltentdecker-zurich,mb_12524,FROSCH,convenience,640,240,NA,noerror,NA
weltentdecker-zurich,mb_13111,FROSCH,convenience,632,21,NA,noerror,NA
weltentdecker-zurich,mb_13077,FROSCH,convenience,617,269,NA,noerror,NA
weltentdecker-zurich,mb_12872,FROSCH,convenience,592,51,NA,noerror,NA
weltentdecker-zurich,mb_12569,FROSCH,convenience,623,59,NA,noerror,NA
weltentdecker-zurich,mb_13490,FROSCH,convenience,640,68,NA,noerror,NA
weltentdecker-zurich,mb_13314,FROSCH,convenience,614,24,NA,noerror,NA
weltentdecker-zurich,mb_13333,FROSCH,convenience,589,16,NA,noerror,NA
weltentdecker-zurich,mb_13510,FROSCH,convenience,623,61,NA,noerror,NA
weltentdecker-zurich,mb_12801,FROSCH,convenience,630,19,NA,noerror,NA
weltentdecker-zurich,mb_12601,FROSCH,convenience,618,24,NA,noerror,NA
weltentdecker-zurich,mb_13326,FROSCH,convenience,608,270,NA,noerror,NA
weltentdecker-zurich,mb_13288,FROSCH,convenience,600,125,NA,noerror,NA
weltentdecker-zurich,mb_13629,FROSCH,convenience,569,21,NA,noerror,NA
weltentdecker-zurich,mb_13968,FROSCH,convenience,585,250,NA,noerror,NA
weltentdecker-zurich,mb_13242,FROSCH,convenience,619,5,NA,noerror,NA
weltentdecker-zurich,mb_13775,FROSCH,convenience,614,62,NA,noerror,NA
weltentdecker-zurich,mb_13915,FROSCH,convenience,577,38,NA,noerror,NA
weltentdecker-zurich,mb_13659,FROSCH,convenience,597,115,NA,noerror,NA
weltentdecker-zurich,mb_13948,FROSCH,convenience,568,151,NA,noerror,NA
weltentdecker-zurich,mb_12755,FROSCH,convenience,650,15,NA,noerror,NA
weltentdecker-zurich,mb_13505,FROSCH,convenience,641,410,NA,noerror,NA
weltentdecker-zurich,mb_12676,FROSCH,convenience,627,195,NA,noerror,NA
weltentdecker-zurich,mb_12690,FROSCH,convenience,608,86,NA,noerror,NA
weltentdecker-zurich,mb_13178,FROSCH,convenience,600,322,NA,noerror,NA
